;time;checks
Dataset;Value;Value
adult;884.3333333333334;3.0
cup;56666.333333333336;145.0
fars;24231.666666666668;39.0
atus;24970.666666666668;2.0
ihis;3733406.3333333335;171.0
