;time;checks
Dataset;Value;Value
adult;3047.0;3.0
cup;7.4700366E7;143.0
fars;1.2743623E7;39.0
atus;115632.66666666667;2.0
ihis;3.68658641E8;17.0